WORD	arg0(np)-v(v)-arg1(np)-arg2(pp)	arg0(np)-v(v)-arg2(np)-arg1(np)	PREF	LLR	PRES	LOR	MI	DPC2W	DPW2C	FYE
give.01	224	662	arg0(np)-v(v)-arg2(np)-arg1(np)	1737.08272557248	-18.7138860975127	-3.40399900135285	-1.7032524056422	-0.520267449425418	-0.657729184345756	378.542313188641
tell.01	19	150	arg0(np)-v(v)-arg2(np)-arg1(np)	424.192591568503	-10.1846908438676	-3.73737758352916	-2.87239636198338	-0.123662213287371	-0.729307215879955	93.091667461437
ask.01	0	36	arg0(np)-v(v)-arg2(np)-arg1(np)	125.702311863436	-5.44406661558819	-27.881676942588	-Inf	-0.0305084745762712	-0.82773678662852	27.2903570947322
show.01	29	61	arg0(np)-v(v)-arg2(np)-arg1(np)	111.731736871711	-5.23879756634429	-2.33005552371875	-1.35331654034688	-0.0464193103788507	-0.507897710979539	25.2563383061893
grant.01	9	25	arg0(np)-v(v)-arg2(np)-arg1(np)	51.2341873994415	-3.58957773929927	-2.58011479398181	-1.63698227895281	-0.0195491839925013	-0.56142688898531	11.9028433300939
teach.01	4	15	arg0(np)-v(v)-arg2(np)-arg1(np)	34.133825402964	-2.94365050634251	-2.87250930732476	-1.96737195258837	-0.0119841947687953	-0.614496213498601	8.04480546569263
wish.01	0	8	arg0(np)-v(v)-arg2(np)-arg1(np)	27.7752408443925	-2.5663576140758	-26.4695299739697	-Inf	-0.00677966101694915	-0.824261508472035	6.03010025057493
owe.01	9	14	arg0(np)-v(v)-arg2(np)-arg1(np)	21.3418162681965	-2.28320496084753	-1.99081755477432	-1.07308139375948	-0.0102271500941962	-0.43346270958299	5.34780081337087
send.01	111	49	arg0(np)-v(v)-arg2(np)-arg1(np)	16.3342176410108	-1.80566761454222	-0.742990894053716	-0.246956667682039	-0.0213325912747477	-0.132703889826607	4.43675541072624
deny.01	1	6	arg0(np)-v(v)-arg2(np)-arg1(np)	15.4685573458783	-1.98404654642152	-3.33536330274215	-2.52679936120239	-0.00490282835321577	-0.681130863139859	3.74666447566723
fine.01	0	3	arg0(np)-v(v)-arg2(np)-arg1(np)	10.4052115562656	-1.57156666299805	-24.7007214154258	-Inf	-0.00254237288135593	-0.82364399160923	2.25900787142501
guarantee.01	0	3	arg0(np)-v(v)-arg2(np)-arg1(np)	10.4052115562656	-1.57156666299805	-24.7007214154258	-Inf	-0.00254237288135593	-0.82364399160923	2.25900787142501
earn.01	2	5	arg0(np)-v(v)-arg2(np)-arg1(np)	9.7482374032524	-1.56748536189047	-2.45886117213265	-1.52679936120239	-0.00387345331660104	-0.538123795245235	2.5818095808663
save.01	1	4	arg0(np)-v(v)-arg2(np)-arg1(np)	9.26015459411673	-1.5360019973031	-2.92819606656347	-2.04137253403214	-0.00320791309897849	-0.623741007194245	2.37964739662261
pay.01	61	27	arg0(np)-v(v)-arg2(np)-arg1(np)	8.94281012299364	-1.34499324806386	-0.735639256832993	-0.248138720219193	-0.011784393952942	-0.131829564425558	2.6721925600144
write.01	13	10	arg0(np)-v(v)-arg2(np)-arg1(np)	8.26329800370353	-1.36397558862775	-1.28246674842681	-0.542566677060703	-0.00610964994773729	-0.258948523934606	2.45312522836703
hand.01	3	5	arg0(np)-v(v)-arg2(np)-arg1(np)	7.92659443919115	-1.39738568921787	-2.05321406384296	-1.13448193842363	-0.00369153590710495	-0.448811665916929	2.22404111618033
allow.02	0	2	arg0(np)-v(v)-arg2(np)-arg1(np)	6.93541000162258	-1.2831788070379	-24.4427807435592	-Inf	-0.00169491525423729	-0.823520599250936	1.50570189183948
fax.01	0	2	arg0(np)-v(v)-arg2(np)-arg1(np)	6.93541000162258	-1.2831788070379	-24.4427807435592	-Inf	-0.00169491525423729	-0.823520599250936	1.50570189183948
take.10	0	2	arg0(np)-v(v)-arg2(np)-arg1(np)	6.93541000162258	-1.2831788070379	-24.4427807435592	-Inf	-0.00169491525423729	-0.823520599250936	1.50570189183948
charge.01	1	2	arg0(np)-v(v)-arg2(np)-arg1(np)	3.50469053089401	-0.935258943100045	-2.23334965024862	-1.30440693986594	-0.0015129978447412	-0.490160823094596	1.08294119113398
feed.01	1	2	arg0(np)-v(v)-arg2(np)-arg1(np)	3.50469053089401	-0.935258943100045	-2.23334965024862	-1.30440693986594	-0.0015129978447412	-0.490160823094596	1.08294119113398
find.01	1	2	arg0(np)-v(v)-arg2(np)-arg1(np)	3.50469053089401	-0.935258943100045	-2.23334965024862	-1.30440693986594	-0.0015129978447412	-0.490160823094596	1.08294119113398
accord.01	0	1	arg0(np)-v(v)-arg2(np)-arg1(np)	3.46700661458368	-0.907344435931364	-24.1056044539066	-Inf	-0.000847457627118644	-0.823397243858598	0.752699368927357
email.01	0	1	arg0(np)-v(v)-arg2(np)-arg1(np)	3.46700661458368	-0.907344435931364	-24.1056044539066	-Inf	-0.000847457627118644	-0.823397243858598	0.752699368927357
mail.01	0	1	arg0(np)-v(v)-arg2(np)-arg1(np)	3.46700661458368	-0.907344435931364	-24.1056044539066	-Inf	-0.000847457627118644	-0.823397243858598	0.752699368927357
serve.02	0	1	arg0(np)-v(v)-arg2(np)-arg1(np)	3.46700661458368	-0.907344435931364	-24.1056044539066	-Inf	-0.000847457627118644	-0.823397243858598	0.752699368927357
will.01	0	1	arg0(np)-v(v)-arg2(np)-arg1(np)	3.46700661458368	-0.907344435931364	-24.1056044539066	-Inf	-0.000847457627118644	-0.823397243858598	0.752699368927357
award.01	13	7	arg0(np)-v(v)-arg2(np)-arg1(np)	3.43482802328807	-0.854035712600836	-0.923230983622505	-0.340932815891052	-0.00356727706638135	-0.17379450202794	1.15928406118164
lend.01	18	6	arg0(np)-v(v)-arg2(np)-arg1(np)	0.809748034787393	-0.39562424501948	-0.44189359248227	-0.134481938423626	-0.00181023239178227	-0.07353825341951	0.379971254792154
sing.01	3	1	arg0(np)-v(v)-arg2(np)-arg1(np)	0.134513799147837	-0.161512921695259	-0.440377677449727	-0.134481938423626	-0.000301705398630378	-0.0733178480443578	-1.7313633274006e-16
